Emil;priroda;emil@gmail.com;22;192;82
Štefan;tuniakova;stefan@gmail.com;21;178;78
Peter;zelenina;peter@gmail.com;40;180;90
Samo;electrolux;samo@gmail.com;15;185;65
Pavol;kominar;pavol@gmail.com;60;175;90
Gejza;betonovy;gejza@gmail.com;30;200;105
Igor;strelec;igor@gmail.com;35;168;85